experiment,artifact,dataset,family,model,seeds,accuracy,accuracy_std,precision,precision_std,recall,recall_std,f1_score,f1_score_std,roc_auc,roc_auc_std,train_time_s,train_time_std_s,predict_time_s,predict_time_std_s,n_train,n_test,n_features,n_qubits
ALL_MODELS,all_models_ids2012,ids2012,svm,svm_classical,1,0.949,0.0,0.9463220675944334,0.0,0.952,0.0,0.9491525423728814,0.0,0.989535,0.0,0.09599828499631258,0.0,0.08079796200036071,0.0,5608,2000,8,
ALL_MODELS,all_models_ids2012,ids2012,knn,knn_classical,1,0.99,0.0,0.9851485148514851,0.0,0.995,0.0,0.9900497512437811,0.0,0.9957819999999998,0.0,0.003680337998957839,0.0,0.030067962004977744,0.0,5608,2000,8,
ALL_MODELS,all_models_ids2012,ids2012,svm,state_svm_angle,1,0.9325,0.0,0.9227761485826002,0.0,0.944,0.0,0.9332674246169056,0.0,0.965582,0.0,1.297178723005345,0.0,0.4726957059974666,0.0,5608,2000,8,8
ALL_MODELS,all_models_ids2012,ids2012,svm,state_svm_amplitude,1,0.9025,0.0,0.9314040728831725,0.0,0.869,0.0,0.8991205380237972,0.0,0.9366249999999998,0.0,0.9467633180029225,0.0,0.4032189439967624,0.0,5608,2000,8,3
ALL_MODELS,all_models_ids2012,ids2012,svm,state_svm_zz,1,0.9845,0.0,0.9811320754716981,0.0,0.988,0.0,0.9845540607872446,0.0,0.994759,0.0,8.058788545997231,0.0,2.8681482989995857,0.0,5608,2000,8,8
ALL_MODELS,all_models_ids2012,ids2012,knn,state_knn_angle,1,0.987,0.0,0.9812252964426877,0.0,0.993,0.0,0.9870775347912525,0.0,0.9935379999999999,0.0,0.8369707669990021,0.0,0.6617745659968932,0.0,5608,2000,8,8
ALL_MODELS,all_models_ids2012,ids2012,knn,state_knn_amplitude,1,0.9805,0.0,0.9743336623889437,0.0,0.987,0.0,0.9806259314456036,0.0,0.9912115000000001,0.0,0.7545342410012381,0.0,0.5065988749993267,0.0,5608,2000,8,3
ALL_MODELS,all_models_ids2012,ids2012,knn,state_knn_zz,1,0.9855,0.0,0.9802176063303659,0.0,0.991,0.0,0.9855793137742417,0.0,0.9919870000000001,0.0,7.6265496790001635,0.0,3.0794243099953746,0.0,5608,2000,8,8
ALL_MODELS,all_models_ids2012,ids2012,svm,hybrid_svm_angle,1,0.933,0.0,0.923679060665362,0.0,0.944,0.0,0.933728981206726,0.0,0.973707,0.0,1.4152441230035038,0.0,0.6003636680034106,0.0,5608,2000,8,8
ALL_MODELS,all_models_ids2012,ids2012,svm,hybrid_svm_amplitude,1,0.893,0.0,0.851520572450805,0.0,0.952,0.0,0.898961284230406,0.0,0.910153,0.0,1.195416036003735,0.0,0.5036357080025482,0.0,5608,2000,8,3
ALL_MODELS,all_models_ids2012,ids2012,svm,hybrid_svm_zz,1,0.714,0.0,0.7057692307692308,0.0,0.734,0.0,0.7196078431372549,0.0,0.7916219999999998,0.0,10.470420924000791,0.0,3.9103682929999195,0.0,5608,2000,8,8
ALL_MODELS,all_models_ids2012,ids2012,knn,hybrid_knn_angle,1,0.987,0.0,0.9793307086614174,0.0,0.995,0.0,0.9871031746031746,0.0,0.9951935,0.0,1.3291368110003532,0.0,0.4977349049950135,0.0,5608,2000,8,8
ALL_MODELS,all_models_ids2012,ids2012,knn,hybrid_knn_amplitude,1,0.981,0.0,0.9706457925636007,0.0,0.992,0.0,0.9812067260138477,0.0,0.9903225,0.0,0.9063757070034626,0.0,0.36890585900255246,0.0,5608,2000,8,3
ALL_MODELS,all_models_ids2012,ids2012,knn,hybrid_knn_zz,1,0.6855,0.0,0.6654772524531668,0.0,0.746,0.0,0.7034417727487035,0.0,0.76451,0.0,10.038014958998247,0.0,3.654337444000703,0.0,5608,2000,8,8
ALL_MODELS,all_models_ids2012,ids2012,svm,photonic_hybrid_svm_angle,1,0.98,0.0,0.9761904761904762,0.0,0.984,0.0,0.9800796812749004,0.0,0.993618,0.0,0.9560055879992433,0.0,0.16347340499487473,0.0,5608,2000,56,
ALL_MODELS,all_models_ids2012,ids2012,svm,photonic_hybrid_svm_amplitude,1,0.953,0.0,0.9594320486815415,0.0,0.946,0.0,0.9526686807653575,0.0,0.984124,0.0,0.14338876800320577,0.0,0.10867239099752624,0.0,5608,2000,10,
ALL_MODELS,all_models_ids2012,ids2012,svm,photonic_state_svm_angle,1,0.9575,0.0,0.9561316051844466,0.0,0.959,0.0,0.9575636545182227,0.0,0.968029,0.0,0.3715816920012003,0.0,0.10897884899895871,0.0,5608,2000,8,
ALL_MODELS,all_models_ids2012,ids2012,knn,photonic_hybrid_knn_angle,1,0.988,0.0,0.9812623274161736,0.0,0.995,0.0,0.9880834160873883,0.0,0.9936710000000001,0.0,0.2756871460005641,0.0,0.18034236700623296,0.0,5608,2000,56,
ALL_MODELS,all_models_ids2012,ids2012,knn,photonic_hybrid_knn_amplitude,1,0.9815,0.0,0.9734513274336283,0.0,0.99,0.0,0.9816559246405553,0.0,0.9928985000000001,0.0,0.2658164800013765,0.0,0.1745476409996627,0.0,5608,2000,10,
ALL_MODELS,all_models_ids2012,ids2012,knn,photonic_state_knn_angle,1,0.987,0.0,0.9793307086614174,0.0,0.995,0.0,0.9871031746031746,0.0,0.994724,0.0,0.32378216000506654,0.0,0.20708789100171998,0.0,5608,2000,8,
ALL_MODELS,all_models_url2016,url2016,svm,svm_classical,1,0.937,0.0,0.9668803418803419,0.0,0.905,0.0,0.9349173553719008,0.0,0.9858300000000001,0.0,0.2200719409956946,0.0,0.13447258499945747,0.0,7906,2000,8,
ALL_MODELS,all_models_url2016,url2016,knn,knn_classical,1,0.974,0.0,0.9711729622266402,0.0,0.977,0.0,0.9740777666999003,0.0,0.9885759999999999,0.0,0.005614970999886282,0.0,0.020218199002556503,0.0,7906,2000,8,
ALL_MODELS,all_models_url2016,url2016,svm,state_svm_angle,1,0.9135,0.0,0.9558985667034179,0.0,0.867,0.0,0.9092815941269009,0.0,0.9780300000000001,0.0,2.101590784994187,0.0,0.5687699240006623,0.0,7906,2000,8,8
ALL_MODELS,all_models_url2016,url2016,svm,state_svm_amplitude,1,0.908,0.0,0.9406047516198704,0.0,0.871,0.0,0.9044652128764278,0.0,0.9679599999999999,0.0,1.5053970090011717,0.0,0.4079841310012853,0.0,7906,2000,8,3
ALL_MODELS,all_models_url2016,url2016,svm,state_svm_zz,1,0.957,0.0,0.9740663900414938,0.0,0.939,0.0,0.9562118126272913,0.0,0.990894,0.0,11.579275754003902,0.0,3.0745763359955163,0.0,7906,2000,8,8
ALL_MODELS,all_models_url2016,url2016,knn,state_knn_angle,1,0.968,0.0,0.968937875751503,0.0,0.967,0.0,0.9679679679679679,0.0,0.992089,0.0,1.0722052849960164,0.0,0.7940444230043795,0.0,7906,2000,8,8
ALL_MODELS,all_models_url2016,url2016,knn,state_knn_amplitude,1,0.9685,0.0,0.9727547931382442,0.0,0.964,0.0,0.9683576092415871,0.0,0.9902655,0.0,0.9984092899976531,0.0,0.6433610339954612,0.0,7906,2000,8,3
ALL_MODELS,all_models_url2016,url2016,knn,state_knn_zz,1,0.9665,0.0,0.9688442211055276,0.0,0.964,0.0,0.9664160401002506,0.0,0.9912435,0.0,10.819620449001377,0.0,3.2867365479978616,0.0,7906,2000,8,8
ALL_MODELS,all_models_url2016,url2016,svm,hybrid_svm_angle,1,0.92,0.0,0.9605263157894737,0.0,0.876,0.0,0.9163179916317992,0.0,0.9754855000000001,0.0,2.126156407997769,0.0,0.644889504997991,0.0,7906,2000,8,8
ALL_MODELS,all_models_url2016,url2016,svm,hybrid_svm_amplitude,1,0.8625,0.0,0.9171461449942463,0.0,0.797,0.0,0.8528624933119315,0.0,0.9588700000000001,0.0,1.6107358659937745,0.0,0.4810237630008487,0.0,7906,2000,8,3
ALL_MODELS,all_models_url2016,url2016,svm,hybrid_svm_zz,1,0.822,0.0,0.8726851851851852,0.0,0.754,0.0,0.8090128755364807,0.0,0.9008570000000001,0.0,16.003040918003535,0.0,4.950011485001596,0.0,7906,2000,8,8
ALL_MODELS,all_models_url2016,url2016,knn,hybrid_knn_angle,1,0.9715,0.0,0.9654491609081934,0.0,0.978,0.0,0.9716840536512668,0.0,0.9898975,0.0,2.2507698310000706,0.0,0.6095244709940744,0.0,7906,2000,8,8
ALL_MODELS,all_models_url2016,url2016,knn,hybrid_knn_amplitude,1,0.962,0.0,0.9610778443113772,0.0,0.963,0.0,0.962037962037962,0.0,0.9844105,0.0,1.4071383740010788,0.0,0.38102265800262103,0.0,7906,2000,8,3
ALL_MODELS,all_models_url2016,url2016,knn,hybrid_knn_zz,1,0.8845,0.0,0.9165763813651138,0.0,0.846,0.0,0.8798751950078003,0.0,0.9449380000000001,0.0,16.316525094996905,0.0,3.579848141002003,0.0,7906,2000,8,8
ALL_MODELS,all_models_url2016,url2016,svm,photonic_hybrid_svm_angle,1,0.9235,0.0,0.963855421686747,0.0,0.88,0.0,0.9200209095661265,0.0,0.984985,0.0,0.8315364719965146,0.0,0.26113459600310307,0.0,7906,2000,56,
ALL_MODELS,all_models_url2016,url2016,svm,photonic_hybrid_svm_amplitude,1,0.9215,0.0,0.9616648411829135,0.0,0.878,0.0,0.9179299529534762,0.0,0.97088,0.0,0.3094162260022131,0.0,0.17648381699837046,0.0,7906,2000,10,
ALL_MODELS,all_models_url2016,url2016,svm,photonic_state_svm_angle,1,0.9145,0.0,0.9590254706533776,0.0,0.866,0.0,0.9101418812401472,0.0,0.9751489999999999,0.0,0.5964448550002999,0.0,0.174187668999366,0.0,7906,2000,8,
ALL_MODELS,all_models_url2016,url2016,knn,photonic_hybrid_knn_angle,1,0.9705,0.0,0.9672293942403177,0.0,0.974,0.0,0.9706028898854011,0.0,0.9884299999999999,0.0,0.5283596500012209,0.0,0.301746450997598,0.0,7906,2000,56,
ALL_MODELS,all_models_url2016,url2016,knn,photonic_hybrid_knn_amplitude,1,0.97,0.0,0.969061876247505,0.0,0.971,0.0,0.97002997002997,0.0,0.9871774999999999,0.0,0.508144467996317,0.0,0.29937965799763333,0.0,7906,2000,10,
ALL_MODELS,all_models_url2016,url2016,knn,photonic_state_knn_angle,1,0.9725,0.0,0.9701492537313433,0.0,0.975,0.0,0.972568578553616,0.0,0.9910525,0.0,0.6216413410002133,0.0,0.34999200599850155,0.0,7906,2000,8,
FAST_MODELS,fast_models_ids2012,ids2012,svm,svm_classical,3,0.9873333333333334,0.0023213980461973737,0.9844502116148716,0.004517575152555554,0.9903333333333334,0.0023570226039551605,0.9873750817976455,0.0022923666590105706,0.9935003333333334,0.0018138762055026837,0.27394876966718584,0.03137695271435165,0.06730090233274193,0.0027235944944693255,14906,2000,10,
FAST_MODELS,fast_models_ids2012,ids2012,svm,state_svm_angle,3,0.9851666666666666,0.001178511301977554,0.9798887072636379,0.0004252827895127101,0.9906666666666667,0.0026246692913372725,0.9852461221181846,0.0011940151288624813,0.9918306666666666,0.0012471424225894475,10.376597832332967,0.2620744069246189,1.5583078226700309,0.024570419886854024,14906,2000,10,10
FAST_MODELS,fast_models_ids2012,ids2012,svm,state_svm_amplitude,3,0.9621666666666666,0.005948856099191614,0.9483443209258248,0.008745012301666832,0.9776666666666666,0.006342099196813489,0.9627552167505687,0.005784160886018779,0.9558086666666666,0.008135411250958482,3.596036690665642,0.09354687247563669,0.5365648163327327,0.03200090922983514,14906,2000,10,4
FAST_MODELS,fast_models_ids2012,ids2012,svm,hybrid_svm_angle,3,0.9848333333333334,0.0013123346456686458,0.9792429813231912,0.0007824464109187045,0.9906666666666667,0.0026246692913372725,0.9849197228454266,0.0013238705012289036,0.9920546666666666,0.0015780266861565185,5.627831645668873,0.7138822477413358,0.6996967586674145,0.004745599514238464,14906,2000,10,10
FAST_MODELS,fast_models_ids2012,ids2012,svm,hybrid_svm_amplitude,3,0.9498333333333333,0.01654455264497115,0.9418794827527961,0.005021933830291058,0.959,0.038262252939417964,0.9499126087888011,0.01772893085302047,0.976387,0.004415633363403273,4.4788490076631815,0.2825968065944136,0.6743816786644553,0.030165544214002946,14906,2000,10,4
FAST_MODELS,fast_models_ids2012,ids2012,svm,photonic_hybrid_svm_angle,3,0.9908333333333333,0.0013123346456686458,0.9887154532780982,0.0012432315684258411,0.993,0.0014142135623730963,0.9908530403863928,0.0013104329770240008,0.9942376666666667,0.00041009944593417796,0.8205358430010771,0.22752818882792095,0.14106822466419544,0.0033013724044538943,14906,2000,120,
FAST_MODELS,fast_models_ids2012,ids2012,svm,photonic_hybrid_svm_amplitude,3,0.9888333333333333,0.000849836585598791,0.9864023079089699,0.0012304327651242563,0.9913333333333334,0.0004714045207910321,0.9888615102357035,0.0008434903820254847,0.9945243333333335,0.002081807120962141,0.38731356466693495,0.025889748167404622,0.07224269100212648,0.0016474257917527555,14906,2000,10,
FAST_MODELS,fast_models_ids2012,ids2012,svm,photonic_state_svm_angle,3,0.9851666666666666,0.0015456030825826347,0.9792571896987057,0.0007658613417053313,0.9913333333333334,0.003299831645537225,0.9852550036451467,0.0015617143877116172,0.9942203333333334,0.0011801723979525055,2.1672228630025834,0.09412164281602603,0.37994523800201324,0.035091825902483685,14906,2000,10,
FAST_MODELS,fast_models_ids2012,ids2012,knn,knn_classical,3,0.9936666666666668,0.0010274023338281396,0.9917070802887252,0.002463202872086554,0.9956666666666667,0.0004714045207910321,0.9936807893072501,0.0010166244471550906,0.9957338333333334,0.0012498920842306217,0.011018310331564862,3.6049382937886994e-05,0.08406815199850826,0.0017624566511182304,14906,2000,10,
FAST_MODELS,fast_models_ids2012,ids2012,knn,state_knn_angle,3,0.9925,0.0012247448713915902,0.9910301652088647,0.0016123269282544296,0.9940000000000001,0.0021602468994692888,0.9925107194524779,0.0012247803065798212,0.9957064999999999,0.0006222752606363388,2.6709053910017246,0.025222959090370076,2.05296223500045,0.1088397100133381,14906,2000,10,10
FAST_MODELS,fast_models_ids2012,ids2012,knn,state_knn_amplitude,3,0.9923333333333334,0.0010274023338281877,0.9903783115472203,0.0018489918350554342,0.9943333333333334,0.0026246692913372725,0.9923477770535257,0.001030536257813188,0.9955295,0.00046182807046202376,1.9576742690017757,0.014177931696595347,1.0064153123336534,0.003433333962760619,14906,2000,10,4
FAST_MODELS,fast_models_ids2012,ids2012,knn,hybrid_knn_angle,3,0.993,0.0010801234497346273,0.9900642016739436,0.0021233154108408554,0.996,0.0,0.9930220880567687,0.0010686936173382104,0.9955303333333334,0.0004662448093246526,4.803443094000007,0.47843341797539757,0.7351155563325543,0.030978904861215267,14906,2000,10,10
FAST_MODELS,fast_models_ids2012,ids2012,knn,hybrid_knn_amplitude,3,0.9925,0.0010801234497346615,0.9884404710399101,0.0025628684382004788,0.9966666666666667,0.0024944382578492965,0.9925312487583101,0.0010735463621691721,0.9955999999999999,0.00019900251254691175,2.6723803333297838,0.12342623815636937,0.43208152499816305,0.02034328243687675,14906,2000,10,4
FAST_MODELS,fast_models_ids2012,ids2012,knn,photonic_hybrid_knn_angle,3,0.9936666666666666,0.000849836585598791,0.9910503599558709,0.0016103258402124917,0.9963333333333333,0.0004714045207910321,0.993684114083497,0.0008429086067953441,0.9957378333333334,0.001041696719566454,1.882590570334287,0.030392586082754355,0.6191701653321312,0.005476330465641982,14906,2000,120,
FAST_MODELS,fast_models_ids2012,ids2012,knn,photonic_hybrid_knn_amplitude,3,0.9931666666666666,0.00023570226039554222,0.9900687246697363,0.0015862226506285916,0.9963333333333333,0.0020548046676563273,0.9931878282153166,0.0002459454696156173,0.9955570000000001,0.0004632342819783248,1.7690520556643605,0.01342745742555028,0.6063009740003812,0.007656558015056973,14906,2000,10,
FAST_MODELS,fast_models_ids2012,ids2012,knn,photonic_state_knn_angle,3,0.9935,0.0008164965809277267,0.9917034199119305,0.0020216144784334098,0.9953333333333333,0.0016996731711975965,0.993512207510117,0.0008114904843791269,0.995899,0.0008324209672194715,2.564661962668955,0.026531993232520146,0.7603092000014536,0.016225336461531875,14906,2000,10,
FAST_MODELS,fast_models_url2016,url2016,svm,svm_classical,3,0.9496666666666668,0.0037932688922469914,0.9636177260378703,0.006493249471529255,0.9346666666666668,0.0040276819911981634,0.948906230990645,0.0037723853754768827,0.9889433333333333,0.0012616527740318228,0.6645993403338556,0.03296406023595861,0.2311413626691016,0.002979423208913965,13562,2000,10,
FAST_MODELS,fast_models_url2016,url2016,svm,state_svm_angle,3,0.9248333333333334,0.006980130530457299,0.952752022237882,0.007306351636901511,0.8940000000000001,0.007257180352359087,0.9224403411588654,0.007218765311069459,0.9810003333333333,0.003070722019692181,8.881841238331011,0.03815498206846039,1.5164898003349663,0.01298017412953317,13562,2000,10,10
FAST_MODELS,fast_models_url2016,url2016,svm,state_svm_amplitude,3,0.9,0.0043011626335213386,0.9092738800897888,0.004011328712416456,0.8886666666666666,0.004921607686744471,0.8988511818918457,0.0044045348613589805,0.9645786666666667,0.002685170954623871,3.424897846331684,0.021895570442248997,0.5080154076664863,0.004197898226739605,13562,2000,10,4
FAST_MODELS,fast_models_url2016,url2016,svm,hybrid_svm_angle,3,0.9405,0.005887840577551903,0.968778912178396,0.0035596344631321276,0.9103333333333333,0.010208928554075711,0.9386230021127222,0.006325922571899669,0.9857908333333335,0.002286360365782803,4.680288074998923,0.152004237161119,0.8423066946682715,0.009798152420972244,13562,2000,10,10
FAST_MODELS,fast_models_url2016,url2016,svm,hybrid_svm_amplitude,3,0.9101666666666666,0.00368178700572909,0.9396203618492662,0.0026592376986685658,0.8766666666666666,0.006182412330330475,0.9070434873944234,0.004030362106522273,0.9713828333333333,0.0005172159982916477,3.31322233100218,0.031194303382086855,0.6387944296681477,0.07521735474690258,13562,2000,10,4
FAST_MODELS,fast_models_url2016,url2016,svm,photonic_hybrid_svm_angle,3,0.9573333333333333,0.0037932688922470434,0.9712055319690885,0.003951737963560457,0.9426666666666667,0.010656244908763816,0.9566713084786177,0.0041428504880012445,0.986906,0.0005026242798220025,1.4766666010012461,0.08438470772144496,0.5376734299982976,0.0030169182303338166,13562,2000,120,
FAST_MODELS,fast_models_url2016,url2016,svm,photonic_hybrid_svm_amplitude,3,0.915,0.004813176359397907,0.9427738518991801,0.006777331605949116,0.8836666666666666,0.0038586123009300786,0.9122575740360044,0.004828592621575169,0.9802209999999999,0.0028246159325946013,0.9544420983365853,0.033473072662123335,0.3150806280003356,0.0018082148145921089,13562,2000,10,
FAST_MODELS,fast_models_url2016,url2016,svm,photonic_state_svm_angle,3,0.9306666666666666,0.0051693541397569535,0.9627351711951561,0.0034964603552771717,0.896,0.007257180352359087,0.9281648785996612,0.005516650084977943,0.9817903333333334,0.0031891139399874697,1.9397823786663746,0.016344578684325147,0.32531869733308366,0.0017150852994578165,13562,2000,10,
FAST_MODELS,fast_models_url2016,url2016,knn,knn_classical,3,0.9860000000000001,0.0008164965809277267,0.9847136015528188,0.0016397222104641447,0.9873333333333334,0.0026246692913372725,0.9860175879432186,0.0008318235110339846,0.9945148333333332,0.000453320404227368,0.010475503663959293,0.00017364730076899464,0.031059623999074876,0.0006203255422580488,13562,2000,10,
FAST_MODELS,fast_models_url2016,url2016,knn,state_knn_angle,3,0.9778333333333333,0.0016996731711975965,0.9729581915797928,0.002955115547784557,0.983,0.0029439202887759515,0.9779473626698256,0.0016906587068318863,0.991835,0.00033088240610026513,2.4880408569976376,0.045637947651408724,1.8069539353333919,0.024679174447744864,13562,2000,10,10
FAST_MODELS,fast_models_url2016,url2016,knn,state_knn_amplitude,3,0.9776666666666668,0.0016499158227685862,0.9733311486068282,0.006961234574987755,0.9823333333333334,0.004784233364802446,0.9777773354751726,0.0015456581255575942,0.9923893333333335,0.00018862499539793186,1.758293200332749,0.049529841962971444,0.9840984989981129,0.05747288034799573,13562,2000,10,4
FAST_MODELS,fast_models_url2016,url2016,knn,hybrid_knn_angle,3,0.9838333333333334,0.0014337208778404606,0.981435806898871,0.001951605961768287,0.9863333333333334,0.004027681991198195,0.9838705411164428,0.001462624258701006,0.9942736666666666,0.0005365273110994053,3.9308016133339456,0.09305071854650104,0.6254972896664791,0.005652443373912453,13562,2000,10,10
FAST_MODELS,fast_models_url2016,url2016,knn,hybrid_knn_amplitude,3,0.9784999999999999,0.0028577380332470695,0.9764423145759134,0.0024177820070894526,0.9806666666666667,0.005436502143433369,0.9785404719941099,0.002890021225887484,0.9922178333333335,0.0007914919807272871,2.2737860186680336,0.05652479856701702,0.3782787343322222,0.047569950187697656,13562,2000,10,4
FAST_MODELS,fast_models_url2016,url2016,knn,photonic_hybrid_knn_angle,3,0.984,0.0010801234497346615,0.9801642462870256,0.0013239041292265287,0.988,0.003265986323710907,0.9840615139067187,0.0011069793141317234,0.9922766666666667,0.00012388188819278416,1.5390275060005176,0.02328378104136491,0.5800452893357336,0.006858855668542554,13562,2000,120,
FAST_MODELS,fast_models_url2016,url2016,knn,photonic_hybrid_knn_amplitude,3,0.9819999999999999,0.0012247448713915902,0.9775633012282786,0.003137785079754113,0.9866666666666667,0.0041096093353126546,0.9820819104247412,0.0012393281402852561,0.9922496666666666,0.0009366665480427461,1.4752052796660184,0.019608247848788403,0.5676960243314776,0.010117913974632495,13562,2000,10,
FAST_MODELS,fast_models_url2016,url2016,knn,photonic_state_knn_angle,3,0.9831666666666666,0.0012472191289246482,0.9795014887827159,0.0025244275745830275,0.987,0.0029439202887759515,0.9832304074281731,0.0012473447147384562,0.9916301666666666,0.00024497800354768393,2.1179778706646175,0.03634014147948,0.6889698823336706,0.010180248597344095,13562,2000,10,
MERLIN,merlin_ids2012,ids2012,svm,photonic_hybrid_svm_angle,1,0.99,0.0,0.9870775347912525,0.0,0.993,0.0,0.9900299102691924,0.0,0.996683,0.0,2.1792075330013176,0.0,0.1892724659992382,0.0,23358,2000,120,
MERLIN,merlin_ids2012,ids2012,svm,photonic_hybrid_svm_amplitude,1,0.991,0.0,0.9842209072978304,0.0,0.998,0.0,0.9910625620655412,0.0,0.996317,0.0,0.841041891995701,0.0,0.08743397500074934,0.0,23358,2000,10,
MERLIN,merlin_ids2012,ids2012,svm,photonic_state_svm_angle,1,0.9895,0.0,0.9860973187686196,0.0,0.993,0.0,0.9895366218236173,0.0,0.996707,0.0,6.538240959998802,0.0,0.5902743269980419,0.0,23358,2000,10,
MERLIN,merlin_ids2012,ids2012,knn,photonic_hybrid_knn_angle,1,0.995,0.0,0.9910714285714286,0.0,0.999,0.0,0.9950199203187251,0.0,0.9959655000000001,0.0,4.7442348600015976,0.0,1.2196686879979097,0.0,23358,2000,120,
MERLIN,merlin_ids2012,ids2012,knn,photonic_hybrid_knn_amplitude,1,0.9945,0.0,0.9900891972249752,0.0,0.999,0.0,0.9945246391239423,0.0,0.9954675,0.0,4.462011857998732,0.0,1.168345414000214,0.0,23358,2000,10,
MERLIN,merlin_ids2012,ids2012,knn,photonic_state_knn_angle,1,0.994,0.0,0.9920318725099602,0.0,0.996,0.0,0.9940119760479041,0.0,0.9954595,0.0,6.620793928996136,0.0,1.4859138849933515,0.0,23358,2000,10,
MERLIN,merlin_url2016,url2016,svm,photonic_hybrid_svm_angle,1,0.9835,0.0,0.9958974358974358,0.0,0.971,0.0,0.9832911392405064,0.0,0.9989009999999998,0.0,4.605648621,0.0,1.0188430909984163,0.0,13562,2000,455,
MERLIN,merlin_url2016,url2016,svm,photonic_hybrid_svm_amplitude,1,0.9725,0.0,0.991675338189386,0.0,0.953,0.0,0.9719530851606323,0.0,0.994851,0.0,0.6408863349934109,0.0,0.3071177559977514,0.0,13562,2000,20,
MERLIN,merlin_url2016,url2016,svm,photonic_state_svm_angle,1,0.974,0.0,0.99581589958159,0.0,0.952,0.0,0.9734151329243353,0.0,0.9949690000000001,0.0,3.7230653560036444,0.0,0.6504201650022878,0.0,13562,2000,15,
MERLIN,merlin_url2016,url2016,knn,photonic_hybrid_knn_angle,1,0.9925,0.0,0.992992992992993,0.0,0.992,0.0,0.992496248124062,0.0,0.997922,0.0,1.8547354140027892,0.0,0.6832349629985401,0.0,13562,2000,455,
MERLIN,merlin_url2016,url2016,knn,photonic_hybrid_knn_amplitude,1,0.9945,0.0,0.995987963891675,0.0,0.993,0.0,0.9944917376064096,0.0,0.9979199999999999,0.0,1.4922500149987172,0.0,0.5751523069993709,0.0,13562,2000,20,
MERLIN,merlin_url2016,url2016,knn,photonic_state_knn_angle,1,0.994,0.0,0.9949899799599199,0.0,0.993,0.0,0.993993993993994,0.0,0.9974379999999999,0.0,3.903404443000909,0.0,0.9630557299969951,0.0,13562,2000,15,
ORIGINAL,original_ids2012_gate_based,ids2012,svm,svm_classical,1,0.992,0.0,0.9910179640718563,0.0,0.993,0.0,0.9920079920079921,0.0,0.995476,0.0,0.5039996589985094,0.0,0.083822535998479,0.0,23358,2000,10,
ORIGINAL,original_ids2012_gate_based,ids2012,knn,knn_classical,1,0.996,0.0,0.9940239043824701,0.0,0.998,0.0,0.9960079840319361,0.0,0.9989615000000001,0.0,0.02372856799775036,0.0,0.08786374299961608,0.0,23358,2000,10,
ORIGINAL,original_ids2012_gate_based,ids2012,svm,state_svm_angle,1,0.99,0.0,0.9870775347912525,0.0,0.993,0.0,0.9900299102691924,0.0,0.9957480000000001,0.0,24.028480627996032,0.0,2.242153491002682,0.0,23358,2000,10,10
ORIGINAL,original_ids2012_gate_based,ids2012,svm,state_svm_amplitude,1,0.9655,0.0,0.9437559580552908,0.0,0.99,0.0,0.9663250366032211,0.0,0.9571120000000001,0.0,7.426294614000653,0.0,0.7475929040010669,0.0,23358,2000,10,4
ORIGINAL,original_ids2012_gate_based,ids2012,knn,state_knn_angle,1,0.994,0.0,0.9900793650793651,0.0,0.998,0.0,0.9940239043824701,0.0,0.995951,0.0,4.127676586998859,0.0,3.07684339700063,0.0,23358,2000,10,10
ORIGINAL,original_ids2012_gate_based,ids2012,knn,state_knn_amplitude,1,0.994,0.0,0.9891089108910891,0.0,0.999,0.0,0.9940298507462687,0.0,0.9954540000000001,0.0,2.9777312410005834,0.0,1.522879380005179,0.0,23358,2000,10,4
ORIGINAL,original_ids2012_gate_based,ids2012,svm,hybrid_svm_angle,1,0.99,0.0,0.9870775347912525,0.0,0.993,0.0,0.9900299102691924,0.0,0.995537,0.0,8.53307190000487,0.0,0.6393063229988911,0.0,23358,2000,10,10
ORIGINAL,original_ids2012_gate_based,ids2012,svm,hybrid_svm_amplitude,1,0.9575,0.0,0.9507389162561576,0.0,0.965,0.0,0.9578163771712159,0.0,0.9734090000000001,0.0,6.426483582996298,0.0,0.7359852500012494,0.0,23358,2000,10,4
ORIGINAL,original_ids2012_gate_based,ids2012,knn,hybrid_knn_angle,1,0.9945,0.0,0.9910625620655412,0.0,0.998,0.0,0.9945191828599901,0.0,0.9964385,0.0,7.140510302000621,0.0,0.6920629020023625,0.0,23358,2000,10,10
ORIGINAL,original_ids2012_gate_based,ids2012,knn,hybrid_knn_amplitude,1,0.9935,0.0,0.9900695134061569,0.0,0.997,0.0,0.9935226706527155,0.0,0.9959115000000001,0.0,3.941719788002956,0.0,0.3792891970006167,0.0,23358,2000,10,4
ORIGINAL,original_url2016_gate_based,url2016,svm,svm_classical,1,0.9465,0.0,0.9626943005181348,0.0,0.929,0.0,0.9455470737913486,0.0,0.9871595,0.0,0.7148249379970366,0.0,0.22826707599597285,0.0,13562,2000,10,
ORIGINAL,original_url2016_gate_based,url2016,knn,knn_classical,1,0.985,0.0,0.9840319361277445,0.0,0.986,0.0,0.985014985014985,0.0,0.994991,0.0,0.010313245002180338,0.0,0.031322192000516225,0.0,13562,2000,10,
ORIGINAL,original_url2016_gate_based,url2016,svm,state_svm_angle,1,0.915,0.0,0.9424307036247335,0.0,0.884,0.0,0.9122807017543859,0.0,0.9768344999999999,0.0,8.957715800999722,0.0,1.419395616001566,0.0,13562,2000,10,10
ORIGINAL,original_url2016_gate_based,url2016,svm,state_svm_amplitude,1,0.8945,0.0,0.9037871033776868,0.0,0.883,0.0,0.8932726353060192,0.0,0.9673895,0.0,3.4715784459986025,0.0,0.4959322639988386,0.0,13562,2000,10,4
ORIGINAL,original_url2016_gate_based,url2016,knn,state_knn_angle,1,0.9755,0.0,0.9712586719524281,0.0,0.98,0.0,0.975609756097561,0.0,0.9916335,0.0,2.379141523000726,0.0,1.7765737759982585,0.0,13562,2000,10,10
ORIGINAL,original_url2016_gate_based,url2016,knn,state_knn_amplitude,1,0.9765,0.0,0.9731876861966237,0.0,0.98,0.0,0.9765819631290483,0.0,0.992597,0.0,1.6567590560007375,0.0,0.9990022570054862,0.0,13562,2000,10,4
ORIGINAL,original_url2016_gate_based,url2016,svm,hybrid_svm_angle,1,0.9325,0.0,0.9645542427497314,0.0,0.898,0.0,0.9300880372863801,0.0,0.9825755,0.0,4.5496797950036125,0.0,0.8102002919986262,0.0,13562,2000,10,10
ORIGINAL,original_url2016_gate_based,url2016,svm,hybrid_svm_amplitude,1,0.9055,0.0,0.9383783783783783,0.0,0.868,0.0,0.9018181818181819,0.0,0.9721144999999999,0.0,3.753889990999596,0.0,0.5835001789964736,0.0,13562,2000,10,4
ORIGINAL,original_url2016_gate_based,url2016,knn,hybrid_knn_angle,1,0.983,0.0,0.9810756972111554,0.0,0.985,0.0,0.9830339321357285,0.0,0.9937895000000001,0.0,3.7999359290042776,0.0,0.577465239999583,0.0,13562,2000,10,10
ORIGINAL,original_url2016_gate_based,url2016,knn,hybrid_knn_amplitude,1,0.9765,0.0,0.9703849950641659,0.0,0.983,0.0,0.9766517635370094,0.0,0.990926,0.0,2.3531387819966767,0.0,0.3125239369983319,0.0,13562,2000,10,4
NOTEBOOK,notebook_url2016,url2016,svm,svm_classical,1,0.9705,0.0,0.9906152241918665,0.0,0.95,0.0,0.9698825931597754,0.0,0.9935290000000001,0.0,0.5229540360014653,0.0,0.1735590019961819,0.0,13562,2000,15,
NOTEBOOK,notebook_url2016,url2016,svm,hybrid_svm_angle,1,0.968,0.0,0.9864864864864865,0.0,0.949,0.0,0.9673802242609582,0.0,0.99026,0.0,10.250009349998436,0.0,1.5816380809992552,0.0,13562,2000,15,15
NOTEBOOK,notebook_url2016,url2016,svm,photonic_hybrid_svm_angle,1,0.9835,0.0,0.9958974358974358,0.0,0.971,0.0,0.9832911392405064,0.0,0.9989009999999998,0.0,4.395395712002937,0.0,1.0110259070061147,0.0,13562,2000,455,
NOTEBOOK,notebook_url2016,url2016,svm,photonic_hybrid_svm_amplitude,1,0.9725,0.0,0.991675338189386,0.0,0.953,0.0,0.9719530851606323,0.0,0.994851,0.0,0.650149720000627,0.0,0.3011942650045967,0.0,13562,2000,20,
NOTEBOOK,notebook_url2016,url2016,knn,knn_classical,1,0.993,0.0,0.993,0.0,0.993,0.0,0.993,0.0,0.998374,0.0,0.012898241999209858,0.0,0.062249194001196884,0.0,13562,2000,15,
NOTEBOOK,notebook_url2016,url2016,knn,hybrid_knn_angle,1,0.9915,0.0,0.991008991008991,0.0,0.992,0.0,0.991504247876062,0.0,0.9978025,0.0,11.119043058999523,0.0,1.4737893429992255,0.0,13562,2000,15,15
NOTEBOOK,notebook_url2016,url2016,knn,photonic_hybrid_knn_angle,1,0.9925,0.0,0.992992992992993,0.0,0.992,0.0,0.992496248124062,0.0,0.997922,0.0,1.843480705996626,0.0,0.6684788999991724,0.0,13562,2000,455,
NOTEBOOK,notebook_url2016,url2016,knn,photonic_hybrid_knn_amplitude,1,0.9945,0.0,0.995987963891675,0.0,0.993,0.0,0.9944917376064096,0.0,0.9979199999999999,0.0,1.487634427001467,0.0,0.5703768570019747,0.0,13562,2000,20,
KERNEL_VS_STATE_FIDELITY,kernel_vs_state_fidelity_ids2012,ids2012,svm,qsvm_angle,1,0.88,0.0,0.9523809523809523,0.0,0.8,0.0,0.8695652173913043,0.0,0.9808,0.0,1.4644116330018733,0.0,1.2018833869951777,0.0,120,50,8,8
KERNEL_VS_STATE_FIDELITY,kernel_vs_state_fidelity_ids2012,ids2012,svm,state_svm_angle,1,0.88,0.0,0.9523809523809523,0.0,0.8,0.0,0.8695652173913043,0.0,0.9808,0.0,0.035454949997074436,0.0,0.009711835002235603,0.0,120,50,8,8
KERNEL_VS_STATE_FIDELITY,kernel_vs_state_fidelity_ids2012,ids2012,svm,qsvm_amplitude,1,0.88,0.0,0.8064516129032258,0.0,1.0,0.0,0.8928571428571429,0.0,0.9328000000000001,0.0,1.7971004940045532,0.0,1.3660081089983578,0.0,120,50,8,3
KERNEL_VS_STATE_FIDELITY,kernel_vs_state_fidelity_ids2012,ids2012,svm,state_svm_amplitude,1,0.88,0.0,0.8064516129032258,0.0,1.0,0.0,0.8928571428571429,0.0,0.9328000000000001,0.0,0.016613047999271657,0.0,0.007173615995270666,0.0,120,50,8,3
KERNEL_VS_STATE_FIDELITY,kernel_vs_state_fidelity_ids2012,ids2012,svm,qsvm_zz,1,0.9,0.0,0.9545454545454546,0.0,0.84,0.0,0.8936170212765957,0.0,0.9824,0.0,16.188639421001426,0.0,13.156116549005674,0.0,120,50,8,8
KERNEL_VS_STATE_FIDELITY,kernel_vs_state_fidelity_ids2012,ids2012,svm,state_svm_zz,1,0.9,0.0,0.9545454545454546,0.0,0.84,0.0,0.8936170212765957,0.0,0.9824,0.0,0.23063813799672062,0.0,0.08749394399637822,0.0,120,50,8,8
KERNEL_VS_STATE_FIDELITY,kernel_vs_state_fidelity_ids2012,ids2012,knn,qknn_angle,1,0.88,0.0,0.9523809523809523,0.0,0.8,0.0,0.8695652173913043,0.0,0.968,0.0,0.01550627600227017,0.0,0.007947147001686972,0.0,120,50,8,8
KERNEL_VS_STATE_FIDELITY,kernel_vs_state_fidelity_ids2012,ids2012,knn,state_knn_angle,1,0.88,0.0,0.9523809523809523,0.0,0.8,0.0,0.8695652173913043,0.0,0.968,0.0,0.02022272100293776,0.0,0.010473510003066622,0.0,120,50,8,8
KERNEL_VS_STATE_FIDELITY,kernel_vs_state_fidelity_ids2012,ids2012,knn,qknn_amplitude,1,0.94,0.0,0.9583333333333334,0.0,0.92,0.0,0.9387755102040817,0.0,0.976,0.0,0.020911947001877706,0.0,0.010649552998074796,0.0,120,50,8,3
KERNEL_VS_STATE_FIDELITY,kernel_vs_state_fidelity_ids2012,ids2012,knn,state_knn_amplitude,1,0.94,0.0,0.9583333333333334,0.0,0.92,0.0,0.9387755102040817,0.0,0.976,0.0,0.0339129940039129,0.0,0.007667242003662977,0.0,120,50,8,3
KERNEL_VS_STATE_FIDELITY,kernel_vs_state_fidelity_ids2012,ids2012,knn,qknn_zz,1,0.82,0.0,0.9,0.0,0.72,0.0,0.8,0.0,0.9279999999999999,0.0,0.14951554899744224,0.0,0.06625631199858617,0.0,120,50,8,8
KERNEL_VS_STATE_FIDELITY,kernel_vs_state_fidelity_ids2012,ids2012,knn,state_knn_zz,1,0.82,0.0,0.9,0.0,0.72,0.0,0.8,0.0,0.9279999999999999,0.0,0.1750284450026811,0.0,0.06465773200034164,0.0,120,50,8,8
KERNEL_VS_STATE_FIDELITY,kernel_vs_state_fidelity_ids2012,ids2012,svm,photonic_fidelity_svm_angle,1,0.96,0.0,0.96,0.0,0.96,0.0,0.96,0.0,0.9488,0.0,0.49832575600157725,0.0,0.06638780600042082,0.0,120,50,8,
KERNEL_VS_STATE_FIDELITY,kernel_vs_state_fidelity_ids2012,ids2012,svm,photonic_state_svm_angle,1,0.92,0.0,0.9565217391304348,0.0,0.88,0.0,0.9166666666666666,0.0,0.9584,0.0,0.017422042998077814,0.0,0.02449475699540926,0.0,120,50,8,
KERNEL_VS_STATE_FIDELITY,kernel_vs_state_fidelity_ids2012,ids2012,knn,photonic_fidelity_knn_angle,1,0.94,0.0,0.9583333333333334,0.0,0.92,0.0,0.9387755102040817,0.0,0.9687999999999999,0.0,0.07407032899936894,0.0,0.0676736220048042,0.0,120,50,8,
KERNEL_VS_STATE_FIDELITY,kernel_vs_state_fidelity_ids2012,ids2012,knn,photonic_state_knn_angle,1,0.94,0.0,0.9583333333333334,0.0,0.92,0.0,0.9387755102040817,0.0,0.9687999999999999,0.0,0.01477175400214037,0.0,0.003440838001552038,0.0,120,50,8,
KERNEL_VS_STATE_FIDELITY,kernel_vs_state_fidelity_url2016,url2016,svm,qsvm_angle,1,0.8846153846153846,0.0,0.9166666666666666,0.0,0.8461538461538461,0.0,0.88,0.0,0.9541420118343195,0.0,1.487119443998381,0.0,1.1818077999996603,0.0,122,52,8,8
KERNEL_VS_STATE_FIDELITY,kernel_vs_state_fidelity_url2016,url2016,svm,state_svm_angle,1,0.8846153846153846,0.0,0.9166666666666666,0.0,0.8461538461538461,0.0,0.88,0.0,0.9541420118343195,0.0,0.01707304200681392,0.0,0.010406501998659223,0.0,122,52,8,8
KERNEL_VS_STATE_FIDELITY,kernel_vs_state_fidelity_url2016,url2016,svm,qsvm_amplitude,1,0.8076923076923077,0.0,0.8636363636363636,0.0,0.7307692307692307,0.0,0.7916666666666666,0.0,0.9142011834319527,0.0,1.840532358000928,0.0,1.4469198820006568,0.0,122,52,8,3
KERNEL_VS_STATE_FIDELITY,kernel_vs_state_fidelity_url2016,url2016,svm,state_svm_amplitude,1,0.8076923076923077,0.0,0.8636363636363636,0.0,0.7307692307692307,0.0,0.7916666666666666,0.0,0.9142011834319527,0.0,0.016923158000281546,0.0,0.0077344749952317216,0.0,122,52,8,3
KERNEL_VS_STATE_FIDELITY,kernel_vs_state_fidelity_url2016,url2016,svm,qsvm_zz,1,0.9038461538461539,0.0,0.8387096774193549,0.0,1.0,0.0,0.9122807017543859,0.0,0.9763313609467456,0.0,16.531573255000694,0.0,13.811308985001233,0.0,122,52,8,8
KERNEL_VS_STATE_FIDELITY,kernel_vs_state_fidelity_url2016,url2016,svm,state_svm_zz,1,0.9038461538461539,0.0,0.8387096774193549,0.0,1.0,0.0,0.9122807017543859,0.0,0.9763313609467456,0.0,0.2277939640043769,0.0,0.09046568200574256,0.0,122,52,8,8
KERNEL_VS_STATE_FIDELITY,kernel_vs_state_fidelity_url2016,url2016,knn,qknn_angle,1,0.9038461538461539,0.0,0.92,0.0,0.8846153846153846,0.0,0.9019607843137255,0.0,0.9600591715976331,0.0,0.015599543003190774,0.0,0.008123128005536273,0.0,122,52,8,8
KERNEL_VS_STATE_FIDELITY,kernel_vs_state_fidelity_url2016,url2016,knn,state_knn_angle,1,0.9038461538461539,0.0,0.92,0.0,0.8846153846153846,0.0,0.9019607843137255,0.0,0.9600591715976331,0.0,0.01982292500179028,0.0,0.012176557997008786,0.0,122,52,8,8
KERNEL_VS_STATE_FIDELITY,kernel_vs_state_fidelity_url2016,url2016,knn,qknn_amplitude,1,0.9423076923076923,0.0,0.96,0.0,0.9230769230769231,0.0,0.9411764705882353,0.0,0.9607988165680472,0.0,0.019814753002719954,0.0,0.009881933001452126,0.0,122,52,8,3
KERNEL_VS_STATE_FIDELITY,kernel_vs_state_fidelity_url2016,url2016,knn,state_knn_amplitude,1,0.9423076923076923,0.0,0.96,0.0,0.9230769230769231,0.0,0.9411764705882353,0.0,0.9607988165680472,0.0,0.019550737000827212,0.0,0.00981360600417247,0.0,122,52,8,3
KERNEL_VS_STATE_FIDELITY,kernel_vs_state_fidelity_url2016,url2016,knn,qknn_zz,1,0.9230769230769231,0.0,0.9230769230769231,0.0,0.9230769230769231,0.0,0.9230769230769231,0.0,0.9585798816568047,0.0,0.16061824100324884,0.0,0.06783433999953559,0.0,122,52,8,8
KERNEL_VS_STATE_FIDELITY,kernel_vs_state_fidelity_url2016,url2016,knn,state_knn_zz,1,0.9230769230769231,0.0,0.9230769230769231,0.0,0.9230769230769231,0.0,0.9230769230769231,0.0,0.9585798816568047,0.0,0.17193412400229136,0.0,0.06746766199648846,0.0,122,52,8,8
KERNEL_VS_STATE_FIDELITY,kernel_vs_state_fidelity_url2016,url2016,svm,photonic_fidelity_svm_angle,1,0.9038461538461539,0.0,0.92,0.0,0.8846153846153846,0.0,0.9019607843137255,0.0,0.9467455621301775,0.0,0.5279051149991574,0.0,0.07452578200172866,0.0,122,52,8,
KERNEL_VS_STATE_FIDELITY,kernel_vs_state_fidelity_url2016,url2016,svm,photonic_state_svm_angle,1,0.9038461538461539,0.0,0.9565217391304348,0.0,0.8461538461538461,0.0,0.8979591836734694,0.0,0.9349112426035504,0.0,0.014523544996336568,0.0,0.0346755979990121,0.0,122,52,8,
KERNEL_VS_STATE_FIDELITY,kernel_vs_state_fidelity_url2016,url2016,knn,photonic_fidelity_knn_angle,1,0.9615384615384616,0.0,0.9285714285714286,0.0,1.0,0.0,0.9629629629629629,0.0,0.9763313609467457,0.0,0.09146579899970675,0.0,0.07693769500474446,0.0,122,52,8,
KERNEL_VS_STATE_FIDELITY,kernel_vs_state_fidelity_url2016,url2016,knn,photonic_state_knn_angle,1,0.9423076923076923,0.0,0.96,0.0,0.9230769230769231,0.0,0.9411764705882353,0.0,0.9763313609467457,0.0,0.008879045002686325,0.0,0.0025855399944703095,0.0,122,52,8,
